<manifest alg="2" build="2018.0.0.379" opt="false" iceEnabled="true" iceMarkupVersion="2" iceEnabledOptions="link,responsive,cachebuster,textStyling" exportTarget="other" domain="musecode.com" resolutions="1x" timestamp="1538686987569">
  <folder name="assets">
    <file name="index.html" crc="4127362910" seo="true" mt="1538672539000"/>
  </folder>
  <folder name="css">
    <file name="site_global.css" crc="444006867"/>
    <file name="index.css" crc="250953266" ref="index"/>
    <file name="login.css" crc="215415546" ref="login"/>
    <file name="register-student.css" crc="518474895" ref="register-student"/>
    <file name="register-employer.css" crc="4216249256" ref="register-employer"/>
    <file name="student-profile.css" crc="4030433134" ref="student-profile"/>
    <file name="employer-profile.css" crc="3987159028" ref="employer-profile"/>
    <file name="post-job.css" crc="517893833" ref="post-job"/>
  </folder>
  <folder name="scripts">
    <file name="jquery-1.8.3.min.js" crc="209076791" ref="index:login:register-student:register-employer:employer-profile:student-profile:post-job"/>
    <file name="museutils.js" crc="3803043152" ref="index:login:register-student:register-employer:employer-profile:student-profile:post-job"/>
    <file name="whatinput.js" crc="86476730" ref="index:login:register-student:register-employer:employer-profile:student-profile:post-job"/>
    <file name="museconfig.js" crc="380897831" ref="index:login:register-student:register-employer:employer-profile:student-profile:post-job"/>
    <file name="jquery.watch.js" crc="99325471" ref="index:login:register-student:register-employer:employer-profile:student-profile:post-job"/>
    <file name="require.js" crc="4157109226" ref="index:login:register-student:register-employer:employer-profile:student-profile:post-job"/>
    <file name="jquery.musepolyfill.bgsize.js" crc="4148998990" ref="index"/>
    <file name="webpro.js" crc="242022427" ref="register-student:login:register-employer:student-profile:employer-profile:post-job"/>
    <file name="musewpslideshow.js" crc="457073769" ref="register-student:login:register-employer:student-profile:employer-profile:post-job"/>
    <file name="jquery.museoverlay.js" crc="483674903" ref="register-student:login:register-employer:student-profile:employer-profile:post-job"/>
    <file name="touchswipe.js" crc="4066113679" ref="register-student:login:register-employer:student-profile:employer-profile:post-job"/>
    <file name="form_check.php" crc="147359589" ref="register-student:login:register-employer"/>
    <file name="form_throttle.php" crc="93986428" ref="register-student:login:register-employer"/>
    <file name="form_process.php" crc="3851993751" ref="register-student:login:register-employer"/>
    <file name="form-u2385.php" crc="21244757" ref="register-student"/>
    <file name="form-u3322.php" crc="3802635066" ref="login"/>
    <file name="form-u3935.php" crc="525688154" ref="register-employer"/>
    <file name="musewpdisclosure.js" crc="119288625" ref="student-profile:employer-profile"/>
    <file name="form-u7575.php" crc="408715129" ref="post-job"/>
  </folder>
  <folder name="images">
    <file name="the_wits_university_east_campus_archived.jpg" crc="4156980021" ref="register-student:student-profile:employer-profile:post-job" seo="true">
      <caption webpage="index" alt=""/>
      <caption webpage="student-profile" alt=""/>
      <caption webpage="employer-profile" alt=""/>
      <caption webpage="register" alt=""/>
      <caption webpage="register-student" alt=""/>
      <caption webpage="post-job" alt=""/>
    </file>
    <file name="great-hall-at-night-1200-x-500-1200x500-1.jpg" crc="4060984565" ref="index:register-student:login:employer-profile:post-job" seo="true">
      <caption webpage="index" alt=""/>
      <caption webpage="employer-profile" alt=""/>
      <caption webpage="register" alt=""/>
      <caption webpage="register-student" alt=""/>
      <caption webpage="post-job" alt=""/>
      <caption webpage="login" alt=""/>
    </file>
    <file name="u726-4.png" crc="3869827827" ref="index"/>
    <file name="jobseekers-employers-match.png" crc="3789961952" ref="index">
      <caption webpage="index" alt=""/>
    </file>
    <file name="blank.gif" crc="4208392903" ref="register-student:login:register-employer:student-profile:employer-profile:post-job"/>
    <file name="geosciences-night-view.jpg" crc="4055064168" seo="true" ref="register-student:register-employer:student-profile:employer-profile:post-job">
      <caption webpage="student-profile" alt=""/>
      <caption webpage="employer-profile" alt=""/>
      <caption webpage="register" alt=""/>
      <caption webpage="register-student" alt=""/>
      <caption webpage="post-job" alt=""/>
      <caption webpage="register-employer" alt=""/>
    </file>
    <file name="loading.gif" crc="3815509949" ref="register-student:login:register-employer:student-profile:employer-profile:post-job"/>
    <file name="great-hall-at-night-1200-x-500-1200x500-12.jpg" crc="4060984565" seo="true" ref="student-profile">
      <caption webpage="student-profile" alt=""/>
    </file>
    <file name="job-market.jpg" crc="385437783" seo="true" ref="employer-profile">
      <caption webpage="employer-profile" alt=""/>
    </file>
  </folder>
  <file name="index.html" crc="4127362910" seo="true" mt="1538676608147" redirect="true"/>
  <file name="login.html" crc="3781678102" seo="true" mt="1538677932923" redirect="true"/>
  <file name="register-student.html" crc="387258698" seo="true" mt="1538671219688" redirect="true"/>
  <file name="register-employer.html" crc="402422924" seo="true" mt="1538680366800" redirect="true"/>
  <file name="employer-profile.html" crc="4199073838" seo="true" mt="1538686576635" redirect="true"/>
  <file name="student-profile.html" crc="3866831749" seo="true" mt="1538679622706" redirect="true"/>
  <file name="post-job.html" crc="359094414" seo="true" mt="1538686957184" redirect="true"/>
</manifest>